family,family_rank,experiment_id,timestamp_utc,strategy_family,strategy_type,config_hash,objective_score,sharpe,calmar,total_return,max_drawdown,trades_per_year,status,viable,baseline_name,comparison_status,baseline_verified,baseline_metric_source,baseline_comparison_kind,baseline_comparison_eligible,delta_sharpe,delta_calmar,delta_return,beats_baseline_objective,beats_baseline_guardrails,source_type,template_id,hypothesis,reason_selected,source_proposal_id,source_idea_ids,result_dir
ml_ranker,1,ml_ranker_3565bb4658155ca9_proposal_20260418_190420,2026-04-18T19:04:20.378997+00:00,ml_ranker,ml,3565bb4658155ca9,-2.4949000000000003,-1.605,4.79,-5.09,-39.43,201.8,success,False,,,,,,,,,,,,broad_exploration,under_tested_region,Explore under-tested parameter regions.,coverage of under-tested regions and dead-zone escape,proposal_20260418_190420,[],/home/mrlearn/sp500-autoresearch/experiments/runs/ml_ranker_3565bb4658155ca9_proposal_20260418_190420
ml_ranker,2,ml_ranker_034e875514f09268_proposal_20260418_191212,2026-04-18T19:12:12.767948+00:00,ml_ranker,ml,034e875514f09268,-5.41765,-2.763,-1.039,-42.09,-51.05,193.6,success,False,,,,,,,,,,,,broad_exploration,under_tested_region,Explore under-tested parameter regions.,coverage of under-tested regions and dead-zone escape,proposal_20260418_191212,[],/home/mrlearn/sp500-autoresearch/experiments/runs/ml_ranker_034e875514f09268_proposal_20260418_191212
ml_ranker,3,ml_ranker_60feebbfb09d1532_proposal_20260418_180141,2026-04-18T18:01:41.107529+00:00,ml_ranker,ml,60feebbfb09d1532,-5.7566,-3.029,-1.064,-44.27,-53.58,191.1,success,False,,,,,,,,,,,,broad_exploration,under_tested_region,Explore under-tested parameter regions.,coverage of under-tested regions and dead-zone escape,proposal_20260418_180141,[],/home/mrlearn/sp500-autoresearch/experiments/runs/ml_ranker_60feebbfb09d1532_proposal_20260418_180141
ml_ranker,4,ml_ranker_7fde468d4fda3e66_proposal_20260418_174322,2026-04-18T17:43:22.399986+00:00,ml_ranker,ml,7fde468d4fda3e66,-5.950500000000001,-0.56,-1.194,-11.97,-18.76,577.2,success,False,,,,,,,,,,,,broad_exploration,under_tested_region,Explore under-tested parameter regions.,coverage of under-tested regions and dead-zone escape,proposal_20260418_174322,[],/home/mrlearn/sp500-autoresearch/experiments/runs/ml_ranker_7fde468d4fda3e66_proposal_20260418_174322
ml_ranker,5,ml_ranker_ec96db883834e8f3_proposal_20260418_192205,2026-04-18T19:22:05.981655+00:00,ml_ranker,ml,ec96db883834e8f3,-5.97755,-0.611,-1.321,-14.02,-19.3,568.8,success,False,,,,,,,,,,,,broad_exploration,under_tested_region,Explore under-tested parameter regions.,coverage of under-tested regions and dead-zone escape,proposal_20260418_192205,[],/home/mrlearn/sp500-autoresearch/experiments/runs/ml_ranker_ec96db883834e8f3_proposal_20260418_192205
ml_ranker,6,ml_ranker_0b3489702f39a714_proposal_20260418_185954,2026-04-18T18:59:54.937197+00:00,ml_ranker,ml,0b3489702f39a714,-6.06775,-0.573,-1.209,-15.87,-24.59,579.6,success,False,,,,,,,,,,,,broad_exploration,under_tested_region,Explore under-tested parameter regions.,coverage of under-tested regions and dead-zone escape,proposal_20260418_185954,[],/home/mrlearn/sp500-autoresearch/experiments/runs/ml_ranker_0b3489702f39a714_proposal_20260418_185954
ml_ranker,7,ml_ranker_b734176afaed7732_proposal_20260418_191000,2026-04-18T19:10:00.644995+00:00,ml_ranker,ml,b734176afaed7732,-6.1842,-0.598,-1.204,-11.58,-17.96,597.4,success,False,,,,,,,,,,,,broad_exploration,under_tested_region,Explore under-tested parameter regions.,coverage of under-tested regions and dead-zone escape,proposal_20260418_191000,[],/home/mrlearn/sp500-autoresearch/experiments/runs/ml_ranker_b734176afaed7732_proposal_20260418_191000
ml_ranker,8,ml_ranker_cdd2999159c5a0b4_proposal_20260418_192039,2026-04-18T19:20:39.272603+00:00,ml_ranker,ml,cdd2999159c5a0b4,-6.2085,-0.578,-1.198,-14.59,-23.18,595.9,success,False,,,,,,,,,,,,broad_exploration,under_tested_region,Explore under-tested parameter regions.,coverage of under-tested regions and dead-zone escape,proposal_20260418_192039,[],/home/mrlearn/sp500-autoresearch/experiments/runs/ml_ranker_cdd2999159c5a0b4_proposal_20260418_192039
ml_ranker,9,ml_ranker_b3fac653eaa8e473_proposal_20260418_175544,2026-04-18T17:55:44.725606+00:00,ml_ranker,ml,b3fac653eaa8e473,-6.2514,-0.623,-1.284,-12.94,-18.26,597.7,success,False,,,,,,,,,,,,broad_exploration,under_tested_region,Explore under-tested parameter regions.,coverage of under-tested regions and dead-zone escape,proposal_20260418_175544,[],/home/mrlearn/sp500-autoresearch/experiments/runs/ml_ranker_b3fac653eaa8e473_proposal_20260418_175544
ml_ranker,10,ml_ranker_183d8b5b62c37b0b_proposal_20260418_191410,2026-04-18T19:14:10.187272+00:00,ml_ranker,ml,183d8b5b62c37b0b,-6.2514,-0.623,-1.284,-12.94,-18.26,597.7,success,False,,,,,,,,,,,,broad_exploration,under_tested_region,Explore under-tested parameter regions.,coverage of under-tested regions and dead-zone escape,proposal_20260418_191410,[],/home/mrlearn/sp500-autoresearch/experiments/runs/ml_ranker_183d8b5b62c37b0b_proposal_20260418_191410
momentum,1,momentum_8e89d89098a61297_proposal_20260419_051516,2026-04-19T05:15:16.320162+00:00,momentum,classical,8e89d89098a61297,2.0594,1.062,3.92,20.47,-22.29,27.5,success,True,momentum_champion_s10005,partial_verified_current_engine,True,verified_current_engine,partial,1.0,0.356,1.779,7.73,True,True,confirmation_check,confirmation_local_neighborhood,Robustness check around the promoted winner.,confirmation batch local neighborhood check,proposal_20260419_051516,"[""idea_momentum_momentum_balanced_default_20260418T151614.212266+0000"", ""idea_momentum_momentum_crash_robust_20260418T151614.212298+0000"", ""idea_momentum_momentum_quality_concentrated_20260418T151614.212314+0000"", ""idea_momentum_momentum_volatility_gate_20260418T151614.212326+0000"", ""idea_momentum_momentum_crash_robust_20260418T151307.331164+0000"", ""idea_momentum_momentum_max_widestop_20260418T151307.331212+0000"", ""idea_momentum_momentum_quality_concentrated_20260418T151307.331196+0000"", ""idea_momentum_momentum_quality_slow_20260418T151307.331225+0000"", ""idea_momentum_momentum_52w_high_proxy_20260418T150314.616974+0000"", ""idea_momentum_momentum_52w_high_proxy_20260418T150910.366800+0000"", ""idea_momentum_momentum_quality_slow_20260418T150314.616919+0000"", ""idea_momentum_momentum_quality_slow_20260418T150910.366754+0000"", ""idea_momentum_momentum_regime_conservative_20260418T150314.616958+0000"", ""idea_momentum_momentum_regime_conservative_20260418T150910.366785+0000"", ""idea_momentum_momentum_short_lookback_tight_ma_20260418T150314.616987+0000"", ""idea_momentum_momentum_short_lookback_tight_ma_20260418T150910.366812+0000"", ""idea_momentum_confirmation_reproduce_20260418T151614.137613+0000""]",/home/mrlearn/sp500-autoresearch/experiments/runs/momentum_8e89d89098a61297_proposal_20260419_051516
momentum,2,momentum_8e89d89098a61297_proposal_20260419_065913,2026-04-19T06:59:13.315432+00:00,momentum,classical,8e89d89098a61297,2.0594,1.062,3.92,20.47,-22.29,27.5,success,True,momentum_champion_s10005,partial_verified_current_engine,True,verified_current_engine,partial,1.0,0.356,1.779,7.73,True,True,confirmation_reproduction,confirmation_local_neighborhood,momentum_champion_s10005,exact reproduction to confirm a promoted winner,proposal_20260419_065913,"[""idea_momentum_momentum_balanced_default_20260418T151614.212266+0000"", ""idea_momentum_momentum_crash_robust_20260418T151614.212298+0000"", ""idea_momentum_momentum_quality_concentrated_20260418T151614.212314+0000"", ""idea_momentum_momentum_volatility_gate_20260418T151614.212326+0000"", ""idea_momentum_momentum_crash_robust_20260418T151307.331164+0000"", ""idea_momentum_momentum_max_widestop_20260418T151307.331212+0000"", ""idea_momentum_momentum_quality_concentrated_20260418T151307.331196+0000"", ""idea_momentum_momentum_quality_slow_20260418T151307.331225+0000"", ""idea_momentum_momentum_52w_high_proxy_20260418T150314.616974+0000"", ""idea_momentum_momentum_52w_high_proxy_20260418T150910.366800+0000"", ""idea_momentum_momentum_quality_slow_20260418T150314.616919+0000"", ""idea_momentum_momentum_quality_slow_20260418T150910.366754+0000"", ""idea_momentum_momentum_regime_conservative_20260418T150314.616958+0000"", ""idea_momentum_momentum_regime_conservative_20260418T150910.366785+0000"", ""idea_momentum_momentum_short_lookback_tight_ma_20260418T150314.616987+0000"", ""idea_momentum_momentum_short_lookback_tight_ma_20260418T150910.366812+0000"", ""idea_momentum_confirmation_reproduce_20260418T151614.137613+0000""]",/home/mrlearn/sp500-autoresearch/experiments/runs/momentum_8e89d89098a61297_proposal_20260419_065913
momentum,3,momentum_8e89d89098a61297_proposal_20260419_070003,2026-04-19T07:00:03.504127+00:00,momentum,classical,8e89d89098a61297,2.0594,1.062,3.92,20.47,-22.29,27.5,success,True,momentum_champion_s10005,partial_verified_current_engine,True,verified_current_engine,partial,1.0,0.356,1.779,7.73,True,True,confirmation_reproduction,confirmation_local_neighborhood,momentum_champion_s10005,exact reproduction to confirm a promoted winner,proposal_20260419_070003,"[""idea_momentum_momentum_balanced_default_20260418T151614.212266+0000"", ""idea_momentum_momentum_crash_robust_20260418T151614.212298+0000"", ""idea_momentum_momentum_quality_concentrated_20260418T151614.212314+0000"", ""idea_momentum_momentum_volatility_gate_20260418T151614.212326+0000"", ""idea_momentum_momentum_crash_robust_20260418T151307.331164+0000"", ""idea_momentum_momentum_max_widestop_20260418T151307.331212+0000"", ""idea_momentum_momentum_quality_concentrated_20260418T151307.331196+0000"", ""idea_momentum_momentum_quality_slow_20260418T151307.331225+0000"", ""idea_momentum_momentum_52w_high_proxy_20260418T150314.616974+0000"", ""idea_momentum_momentum_52w_high_proxy_20260418T150910.366800+0000"", ""idea_momentum_momentum_quality_slow_20260418T150314.616919+0000"", ""idea_momentum_momentum_quality_slow_20260418T150910.366754+0000"", ""idea_momentum_momentum_regime_conservative_20260418T150314.616958+0000"", ""idea_momentum_momentum_regime_conservative_20260418T150910.366785+0000"", ""idea_momentum_momentum_short_lookback_tight_ma_20260418T150314.616987+0000"", ""idea_momentum_momentum_short_lookback_tight_ma_20260418T150910.366812+0000"", ""idea_momentum_confirmation_reproduce_20260418T151614.137613+0000""]",/home/mrlearn/sp500-autoresearch/experiments/runs/momentum_8e89d89098a61297_proposal_20260419_070003
momentum,4,momentum_8e89d89098a61297_proposal_20260419_070047,2026-04-19T07:00:47.233721+00:00,momentum,classical,8e89d89098a61297,2.0594,1.062,3.92,20.47,-22.29,27.5,success,True,momentum_champion_s10005,partial_verified_current_engine,True,verified_current_engine,partial,1.0,0.356,1.779,7.73,True,True,confirmation_reproduction,confirmation_local_neighborhood,momentum_champion_s10005,exact reproduction to confirm a promoted winner,proposal_20260419_070047,"[""idea_momentum_momentum_balanced_default_20260418T151614.212266+0000"", ""idea_momentum_momentum_crash_robust_20260418T151614.212298+0000"", ""idea_momentum_momentum_quality_concentrated_20260418T151614.212314+0000"", ""idea_momentum_momentum_volatility_gate_20260418T151614.212326+0000"", ""idea_momentum_momentum_crash_robust_20260418T151307.331164+0000"", ""idea_momentum_momentum_max_widestop_20260418T151307.331212+0000"", ""idea_momentum_momentum_quality_concentrated_20260418T151307.331196+0000"", ""idea_momentum_momentum_quality_slow_20260418T151307.331225+0000"", ""idea_momentum_momentum_52w_high_proxy_20260418T150314.616974+0000"", ""idea_momentum_momentum_52w_high_proxy_20260418T150910.366800+0000"", ""idea_momentum_momentum_quality_slow_20260418T150314.616919+0000"", ""idea_momentum_momentum_quality_slow_20260418T150910.366754+0000"", ""idea_momentum_momentum_regime_conservative_20260418T150314.616958+0000"", ""idea_momentum_momentum_regime_conservative_20260418T150910.366785+0000"", ""idea_momentum_momentum_short_lookback_tight_ma_20260418T150314.616987+0000"", ""idea_momentum_momentum_short_lookback_tight_ma_20260418T150910.366812+0000"", ""idea_momentum_confirmation_reproduce_20260418T151614.137613+0000""]",/home/mrlearn/sp500-autoresearch/experiments/runs/momentum_8e89d89098a61297_proposal_20260419_070047
momentum,5,momentum_8e89d89098a61297_proposal_20260419_070131,2026-04-19T07:01:31.110494+00:00,momentum,classical,8e89d89098a61297,2.0594,1.062,3.92,20.47,-22.29,27.5,success,True,momentum_champion_s10005,partial_verified_current_engine,True,verified_current_engine,partial,1.0,0.356,1.779,7.73,True,True,confirmation_reproduction,confirmation_local_neighborhood,momentum_champion_s10005,exact reproduction to confirm a promoted winner,proposal_20260419_070131,"[""idea_momentum_momentum_balanced_default_20260418T151614.212266+0000"", ""idea_momentum_momentum_crash_robust_20260418T151614.212298+0000"", ""idea_momentum_momentum_quality_concentrated_20260418T151614.212314+0000"", ""idea_momentum_momentum_volatility_gate_20260418T151614.212326+0000"", ""idea_momentum_momentum_crash_robust_20260418T151307.331164+0000"", ""idea_momentum_momentum_max_widestop_20260418T151307.331212+0000"", ""idea_momentum_momentum_quality_concentrated_20260418T151307.331196+0000"", ""idea_momentum_momentum_quality_slow_20260418T151307.331225+0000"", ""idea_momentum_momentum_52w_high_proxy_20260418T150314.616974+0000"", ""idea_momentum_momentum_52w_high_proxy_20260418T150910.366800+0000"", ""idea_momentum_momentum_quality_slow_20260418T150314.616919+0000"", ""idea_momentum_momentum_quality_slow_20260418T150910.366754+0000"", ""idea_momentum_momentum_regime_conservative_20260418T150314.616958+0000"", ""idea_momentum_momentum_regime_conservative_20260418T150910.366785+0000"", ""idea_momentum_momentum_short_lookback_tight_ma_20260418T150314.616987+0000"", ""idea_momentum_momentum_short_lookback_tight_ma_20260418T150910.366812+0000"", ""idea_momentum_confirmation_reproduce_20260418T151614.137613+0000""]",/home/mrlearn/sp500-autoresearch/experiments/runs/momentum_8e89d89098a61297_proposal_20260419_070131
momentum,6,momentum_8e89d89098a61297_proposal_20260419_070217,2026-04-19T07:02:17.046852+00:00,momentum,classical,8e89d89098a61297,2.0594,1.062,3.92,20.47,-22.29,27.5,success,True,momentum_champion_s10005,partial_verified_current_engine,True,verified_current_engine,partial,1.0,0.356,1.779,7.73,True,True,confirmation_reproduction,confirmation_local_neighborhood,momentum_champion_s10005,exact reproduction to confirm a promoted winner,proposal_20260419_070217,"[""idea_momentum_momentum_balanced_default_20260418T151614.212266+0000"", ""idea_momentum_momentum_crash_robust_20260418T151614.212298+0000"", ""idea_momentum_momentum_quality_concentrated_20260418T151614.212314+0000"", ""idea_momentum_momentum_volatility_gate_20260418T151614.212326+0000"", ""idea_momentum_momentum_crash_robust_20260418T151307.331164+0000"", ""idea_momentum_momentum_max_widestop_20260418T151307.331212+0000"", ""idea_momentum_momentum_quality_concentrated_20260418T151307.331196+0000"", ""idea_momentum_momentum_quality_slow_20260418T151307.331225+0000"", ""idea_momentum_momentum_52w_high_proxy_20260418T150314.616974+0000"", ""idea_momentum_momentum_52w_high_proxy_20260418T150910.366800+0000"", ""idea_momentum_momentum_quality_slow_20260418T150314.616919+0000"", ""idea_momentum_momentum_quality_slow_20260418T150910.366754+0000"", ""idea_momentum_momentum_regime_conservative_20260418T150314.616958+0000"", ""idea_momentum_momentum_regime_conservative_20260418T150910.366785+0000"", ""idea_momentum_momentum_short_lookback_tight_ma_20260418T150314.616987+0000"", ""idea_momentum_momentum_short_lookback_tight_ma_20260418T150910.366812+0000"", ""idea_momentum_confirmation_reproduce_20260418T151614.137613+0000""]",/home/mrlearn/sp500-autoresearch/experiments/runs/momentum_8e89d89098a61297_proposal_20260419_070217
momentum,7,momentum_8e89d89098a61297_proposal_20260419_070305,2026-04-19T07:03:05.325027+00:00,momentum,classical,8e89d89098a61297,2.0594,1.062,3.92,20.47,-22.29,27.5,success,True,momentum_champion_s10005,partial_verified_current_engine,True,verified_current_engine,partial,1.0,0.356,1.779,7.73,True,True,confirmation_reproduction,confirmation_local_neighborhood,momentum_champion_s10005,exact reproduction to confirm a promoted winner,proposal_20260419_070305,"[""idea_momentum_momentum_balanced_default_20260418T151614.212266+0000"", ""idea_momentum_momentum_crash_robust_20260418T151614.212298+0000"", ""idea_momentum_momentum_quality_concentrated_20260418T151614.212314+0000"", ""idea_momentum_momentum_volatility_gate_20260418T151614.212326+0000"", ""idea_momentum_momentum_crash_robust_20260418T151307.331164+0000"", ""idea_momentum_momentum_max_widestop_20260418T151307.331212+0000"", ""idea_momentum_momentum_quality_concentrated_20260418T151307.331196+0000"", ""idea_momentum_momentum_quality_slow_20260418T151307.331225+0000"", ""idea_momentum_momentum_52w_high_proxy_20260418T150314.616974+0000"", ""idea_momentum_momentum_52w_high_proxy_20260418T150910.366800+0000"", ""idea_momentum_momentum_quality_slow_20260418T150314.616919+0000"", ""idea_momentum_momentum_quality_slow_20260418T150910.366754+0000"", ""idea_momentum_momentum_regime_conservative_20260418T150314.616958+0000"", ""idea_momentum_momentum_regime_conservative_20260418T150910.366785+0000"", ""idea_momentum_momentum_short_lookback_tight_ma_20260418T150314.616987+0000"", ""idea_momentum_momentum_short_lookback_tight_ma_20260418T150910.366812+0000"", ""idea_momentum_confirmation_reproduce_20260418T151614.137613+0000""]",/home/mrlearn/sp500-autoresearch/experiments/runs/momentum_8e89d89098a61297_proposal_20260419_070305
momentum,8,momentum_abf0746a76b52f3a_proposal_20260418_174933,2026-04-18T17:49:33.509043+00:00,momentum,classical,abf0746a76b52f3a,2.0446,1.042,3.888,20.97,-21.76,30.4,success,True,momentum_champion_s10005,partial_verified_current_engine,True,verified_current_engine,partial,1.0,0.336,1.747,8.23,True,True,template_expansion,d2b14fdee1e31bc9,Refine a promising lineage branch.,branch remains active and supported by lineage evidence,proposal_20260418_174933,"[""idea_momentum_momentum_balanced_default_20260418T151614.212266+0000"", ""idea_momentum_momentum_crash_robust_20260418T151614.212298+0000"", ""idea_momentum_momentum_quality_concentrated_20260418T151614.212314+0000"", ""idea_momentum_momentum_volatility_gate_20260418T151614.212326+0000"", ""idea_momentum_momentum_crash_robust_20260418T151307.331164+0000"", ""idea_momentum_momentum_max_widestop_20260418T151307.331212+0000"", ""idea_momentum_momentum_quality_concentrated_20260418T151307.331196+0000"", ""idea_momentum_momentum_quality_slow_20260418T151307.331225+0000"", ""idea_momentum_momentum_52w_high_proxy_20260418T150314.616974+0000"", ""idea_momentum_momentum_52w_high_proxy_20260418T150910.366800+0000"", ""idea_momentum_momentum_quality_slow_20260418T150314.616919+0000"", ""idea_momentum_momentum_quality_slow_20260418T150910.366754+0000"", ""idea_momentum_momentum_regime_conservative_20260418T150314.616958+0000"", ""idea_momentum_momentum_regime_conservative_20260418T150910.366785+0000"", ""idea_momentum_momentum_short_lookback_tight_ma_20260418T150314.616987+0000"", ""idea_momentum_momentum_short_lookback_tight_ma_20260418T150910.366812+0000"", ""idea_momentum_confirmation_reproduce_20260418T151614.137613+0000""]",/home/mrlearn/sp500-autoresearch/experiments/runs/momentum_abf0746a76b52f3a_proposal_20260418_174933
momentum,9,momentum_abf0746a76b52f3a_proposal_20260419_050121,2026-04-19T05:01:21.038721+00:00,momentum,classical,abf0746a76b52f3a,2.0446,1.042,3.888,20.97,-21.76,30.4,success,True,momentum_champion_s10005,partial_verified_current_engine,True,verified_current_engine,partial,1.0,0.336,1.747,8.23,True,True,confirmation_reproduction,d2b14fdee1e31bc9,momentum_champion_s10005,exact reproduction to confirm a promoted winner,proposal_20260419_050121,"[""idea_momentum_momentum_balanced_default_20260418T151614.212266+0000"", ""idea_momentum_momentum_crash_robust_20260418T151614.212298+0000"", ""idea_momentum_momentum_quality_concentrated_20260418T151614.212314+0000"", ""idea_momentum_momentum_volatility_gate_20260418T151614.212326+0000"", ""idea_momentum_momentum_crash_robust_20260418T151307.331164+0000"", ""idea_momentum_momentum_max_widestop_20260418T151307.331212+0000"", ""idea_momentum_momentum_quality_concentrated_20260418T151307.331196+0000"", ""idea_momentum_momentum_quality_slow_20260418T151307.331225+0000"", ""idea_momentum_momentum_52w_high_proxy_20260418T150314.616974+0000"", ""idea_momentum_momentum_52w_high_proxy_20260418T150910.366800+0000"", ""idea_momentum_momentum_quality_slow_20260418T150314.616919+0000"", ""idea_momentum_momentum_quality_slow_20260418T150910.366754+0000"", ""idea_momentum_momentum_regime_conservative_20260418T150314.616958+0000"", ""idea_momentum_momentum_regime_conservative_20260418T150910.366785+0000"", ""idea_momentum_momentum_short_lookback_tight_ma_20260418T150314.616987+0000"", ""idea_momentum_momentum_short_lookback_tight_ma_20260418T150910.366812+0000"", ""idea_momentum_confirmation_reproduce_20260418T151614.137613+0000""]",/home/mrlearn/sp500-autoresearch/experiments/runs/momentum_abf0746a76b52f3a_proposal_20260419_050121
momentum,10,momentum_abf0746a76b52f3a_proposal_20260419_050205,2026-04-19T05:02:05.548515+00:00,momentum,classical,abf0746a76b52f3a,2.0446,1.042,3.888,20.97,-21.76,30.4,success,True,momentum_champion_s10005,partial_verified_current_engine,True,verified_current_engine,partial,1.0,0.336,1.747,8.23,True,True,confirmation_reproduction,d2b14fdee1e31bc9,momentum_champion_s10005,exact reproduction to confirm a promoted winner,proposal_20260419_050205,"[""idea_momentum_momentum_balanced_default_20260418T151614.212266+0000"", ""idea_momentum_momentum_crash_robust_20260418T151614.212298+0000"", ""idea_momentum_momentum_quality_concentrated_20260418T151614.212314+0000"", ""idea_momentum_momentum_volatility_gate_20260418T151614.212326+0000"", ""idea_momentum_momentum_crash_robust_20260418T151307.331164+0000"", ""idea_momentum_momentum_max_widestop_20260418T151307.331212+0000"", ""idea_momentum_momentum_quality_concentrated_20260418T151307.331196+0000"", ""idea_momentum_momentum_quality_slow_20260418T151307.331225+0000"", ""idea_momentum_momentum_52w_high_proxy_20260418T150314.616974+0000"", ""idea_momentum_momentum_52w_high_proxy_20260418T150910.366800+0000"", ""idea_momentum_momentum_quality_slow_20260418T150314.616919+0000"", ""idea_momentum_momentum_quality_slow_20260418T150910.366754+0000"", ""idea_momentum_momentum_regime_conservative_20260418T150314.616958+0000"", ""idea_momentum_momentum_regime_conservative_20260418T150910.366785+0000"", ""idea_momentum_momentum_short_lookback_tight_ma_20260418T150314.616987+0000"", ""idea_momentum_momentum_short_lookback_tight_ma_20260418T150910.366812+0000"", ""idea_momentum_confirmation_reproduce_20260418T151614.137613+0000""]",/home/mrlearn/sp500-autoresearch/experiments/runs/momentum_abf0746a76b52f3a_proposal_20260419_050205
rl_bandit,1,rl_bandit_3316475751735148_proposal_20260418_175544,2026-04-18T17:55:44.725606+00:00,rl_bandit,rl,3316475751735148,3.13245,-0.205,20.063,49.68,-29.93,136.7,success,False,,,,,,,,,,,,broad_exploration,under_tested_region,Explore under-tested parameter regions.,coverage of under-tested regions and dead-zone escape,proposal_20260418_175544,[],/home/mrlearn/sp500-autoresearch/experiments/runs/rl_bandit_3316475751735148_proposal_20260418_175544
rl_bandit,2,rl_bandit_08207dd329fddce2_proposal_20260418_185049,2026-04-18T18:50:49.546868+00:00,rl_bandit,rl,08207dd329fddce2,2.7821499999999992,-0.426,20.465,46.01,-32.34,143.5,success,False,,,,,,,,,,,,broad_exploration,under_tested_region,Explore under-tested parameter regions.,coverage of under-tested regions and dead-zone escape,proposal_20260418_185049,[],/home/mrlearn/sp500-autoresearch/experiments/runs/rl_bandit_08207dd329fddce2_proposal_20260418_185049
rl_bandit,3,rl_bandit_b7eef8b713ee22b9_proposal_20260418_185546,2026-04-18T18:55:46.066112+00:00,rl_bandit,rl,b7eef8b713ee22b9,2.6955,0.161,15.198,42.16,-26.67,135.5,success,False,,,,,,,,,,,,broad_exploration,under_tested_region,Explore under-tested parameter regions.,coverage of under-tested regions and dead-zone escape,proposal_20260418_185546,[],/home/mrlearn/sp500-autoresearch/experiments/runs/rl_bandit_b7eef8b713ee22b9_proposal_20260418_185546
rl_bandit,4,rl_bandit_fe5992c773dcf5ce_proposal_20260418_191640,2026-04-18T19:16:40.076049+00:00,rl_bandit,rl,fe5992c773dcf5ce,2.6955,0.161,15.198,42.16,-26.67,135.5,success,False,,,,,,,,,,,,broad_exploration,under_tested_region,Explore under-tested parameter regions.,coverage of under-tested regions and dead-zone escape,proposal_20260418_191640,[],/home/mrlearn/sp500-autoresearch/experiments/runs/rl_bandit_fe5992c773dcf5ce_proposal_20260418_191640
rl_bandit,5,rl_bandit_538e513343745c16_proposal_20260418_180141,2026-04-18T18:01:41.107529+00:00,rl_bandit,rl,538e513343745c16,2.5478500000000004,0.133,14.851,39.12,-27.31,134.9,success,False,,,,,,,,,,,,broad_exploration,under_tested_region,Explore under-tested parameter regions.,coverage of under-tested regions and dead-zone escape,proposal_20260418_180141,[],/home/mrlearn/sp500-autoresearch/experiments/runs/rl_bandit_538e513343745c16_proposal_20260418_180141
rl_bandit,6,rl_bandit_78a384032289c599_proposal_20260418_192039,2026-04-18T19:20:39.272603+00:00,rl_bandit,rl,78a384032289c599,2.4446000000000003,0.063,14.72,38.74,-28.76,132.6,success,False,,,,,,,,,,,,broad_exploration,under_tested_region,Explore under-tested parameter regions.,coverage of under-tested regions and dead-zone escape,proposal_20260418_192039,[],/home/mrlearn/sp500-autoresearch/experiments/runs/rl_bandit_78a384032289c599_proposal_20260418_192039
rl_bandit,7,rl_bandit_1e751089adfb9348_proposal_20260418_170321,2026-04-18T17:03:21.543852+00:00,rl_bandit,rl,1e751089adfb9348,2.2949,0.035,14.374,35.67,-29.53,131.9,success,False,,,,,,,,,,,,broad_exploration,under_tested_region,Explore under-tested parameter regions.,coverage of under-tested regions and dead-zone escape,proposal_20260418_170321,[],/home/mrlearn/sp500-autoresearch/experiments/runs/rl_bandit_1e751089adfb9348_proposal_20260418_170321
rl_bandit,8,rl_bandit_59439a783397bb7a_proposal_20260418_185332,2026-04-18T18:53:32.514831+00:00,rl_bandit,rl,59439a783397bb7a,2.2439500000000003,-0.156,11.989,36.7,-31.62,78.0,success,False,,,,,,,,,,,,broad_exploration,under_tested_region,Explore under-tested parameter regions.,coverage of under-tested regions and dead-zone escape,proposal_20260418_185332,[],/home/mrlearn/sp500-autoresearch/experiments/runs/rl_bandit_59439a783397bb7a_proposal_20260418_185332
rl_bandit,9,rl_bandit_7c5420849baecee8_proposal_20260418_192205,2026-04-18T19:22:05.981655+00:00,rl_bandit,rl,7c5420849baecee8,1.8522,-0.425,12.188,33.07,-35.62,76.3,success,False,,,,,,,,,,,,broad_exploration,under_tested_region,Explore under-tested parameter regions.,coverage of under-tested regions and dead-zone escape,proposal_20260418_192205,[],/home/mrlearn/sp500-autoresearch/experiments/runs/rl_bandit_7c5420849baecee8_proposal_20260418_192205
rl_bandit,10,rl_bandit_dff9fdee6c3f5832_proposal_20260418_173002,2026-04-18T17:30:02.548180+00:00,rl_bandit,rl,dff9fdee6c3f5832,1.3887000000000005,-0.421,10.766,48.95,-31.86,144.7,success,False,,,,,,,,,,,,broad_exploration,under_tested_region,Explore under-tested parameter regions.,coverage of under-tested regions and dead-zone escape,proposal_20260418_173002,[],/home/mrlearn/sp500-autoresearch/experiments/runs/rl_bandit_dff9fdee6c3f5832_proposal_20260418_173002
superstock,1,superstock_78d4b0205016ef11_proposal_20260418_190654,2026-04-18T19:06:54.706745+00:00,superstock,classical,78d4b0205016ef11,3.0840499999999995,0.28,18.607,0.65,-0.87,1.3,success,False,,,,,,,,,,,,idea_seed,superstock_balanced_default,Balanced Superstock breakout with moderate liquidity and RS thresholds.,Anchor around the current runnable Superstock baseline. Focus=explore; dead_zone_density=1.0; duplicate_saturation=0.003623.,proposal_20260418_190654,"[""idea_superstock_superstock_balanced_default_20260418T150314.645086+0000""]",/home/mrlearn/sp500-autoresearch/experiments/runs/superstock_78d4b0205016ef11_proposal_20260418_190654
superstock,2,superstock_685a10bff038ec45_proposal_20260418_175544,2026-04-18T17:55:44.725606+00:00,superstock,classical,685a10bff038ec45,1.5449,0.137,9.362,0.18,-2.77,2.0,success,False,,,,,,,,,,,,idea_seed,superstock_momentum_hybrid,Superstock with more momentum-like tighter follow-through and quicker exit pressure.,Borrowed from momentum-style ranking discipline to widen search. Focus=explore; dead_zone_density=1.0; duplicate_saturation=0.003623.,proposal_20260418_175544,"[""idea_superstock_superstock_momentum_hybrid_20260418T151614.241827+0000""]",/home/mrlearn/sp500-autoresearch/experiments/runs/superstock_685a10bff038ec45_proposal_20260418_175544
superstock,3,superstock_6b3a48e4e20bcfc9_20260403172122,2026-04-03T17:21:22.634696+00:00,superstock,,6b3a48e4e20bcfc9,1.4212,0.132,8.532,0.47,-2.63,2.3,success,False,,,,,,,,,,,,,,,,,,/home/mrlearn/sp500-autoresearch/experiments/runs/superstock_6b3a48e4e20bcfc9_20260403172122
superstock,4,superstock_b063f843cc5e0480_proposal_20260418_180141,2026-04-18T18:01:41.107529+00:00,superstock,classical,b063f843cc5e0480,1.3282500000000002,0.071,8.387,-0.04,-1.14,0.9,success,False,,,,,,,,,,,,idea_seed,superstock_high_liquidity,Higher liquidity and higher RS filters to reduce noise and failed breakouts.,Explores a cleaner breakout universe with tighter quality control. Focus=explore; dead_zone_density=1.0; duplicate_saturation=0.003623.,proposal_20260418_180141,"[""idea_superstock_superstock_high_liquidity_20260418T151614.241843+0000""]",/home/mrlearn/sp500-autoresearch/experiments/runs/superstock_b063f843cc5e0480_proposal_20260418_180141
superstock,5,superstock_d0ac807b2742147f_20260403165723,2026-04-03T16:57:23.178836+00:00,superstock,,d0ac807b2742147f,1.1061,-0.112,8.246,-0.94,-5.83,5.7,success,False,,,,,,,,,,,,,,,,,,/home/mrlearn/sp500-autoresearch/experiments/runs/superstock_d0ac807b2742147f_20260403165723
superstock,6,superstock_9e096791f8ae88d2_20260403172113,2026-04-03T17:21:13.397415+00:00,superstock,,9e096791f8ae88d2,1.1061,-0.112,8.246,-0.94,-5.83,5.7,success,False,,,,,,,,,,,,,,,,,,/home/mrlearn/sp500-autoresearch/experiments/runs/superstock_9e096791f8ae88d2_20260403172113
superstock,7,superstock_34fda3a20bf580b4_20260403172131,2026-04-03T17:21:31.579415+00:00,superstock,,34fda3a20bf580b4,1.1061,-0.112,8.246,-0.94,-5.83,5.7,success,False,,,,,,,,,,,,,,,,,,/home/mrlearn/sp500-autoresearch/experiments/runs/superstock_34fda3a20bf580b4_20260403172131
superstock,8,superstock_55ea4bc73875ddfd_proposal_20260418_190251,2026-04-18T19:02:51.541026+00:00,superstock,classical,55ea4bc73875ddfd,1.05875,0.282,4.977,1.51,-3.53,2.6,success,False,,,,,,,,,,,,idea_seed,superstock_balanced_default,Balanced Superstock breakout with moderate liquidity and RS thresholds.,Anchor around the current runnable Superstock baseline. Focus=explore; dead_zone_density=1.0; duplicate_saturation=0.003623.,proposal_20260418_190251,"[""idea_superstock_superstock_balanced_default_20260418T150314.645086+0000""]",/home/mrlearn/sp500-autoresearch/experiments/runs/superstock_55ea4bc73875ddfd_proposal_20260418_190251
superstock,9,superstock_2859232dae45c7f1_proposal_20260418_175722,2026-04-18T17:57:22.146580+00:00,superstock,classical,2859232dae45c7f1,0.47255,0.163,1.901,1.22,-0.1,0.3,success,False,,,,,,,,,,,,idea_seed,superstock_high_liquidity,Higher liquidity and higher RS filters to reduce noise and failed breakouts.,Explores a cleaner breakout universe with tighter quality control. Focus=explore; dead_zone_density=1.0; duplicate_saturation=0.003623.,proposal_20260418_175722,"[""idea_superstock_superstock_high_liquidity_20260418T151614.241843+0000""]",/home/mrlearn/sp500-autoresearch/experiments/runs/superstock_2859232dae45c7f1_proposal_20260418_175722
superstock,10,superstock_a40bc616ab5ac0ee_proposal_20260418_192317,2026-04-18T19:23:17.574365+00:00,superstock,classical,a40bc616ab5ac0ee,0.47255,0.163,1.901,1.22,-0.1,0.3,success,False,,,,,,,,,,,,idea_seed,superstock_high_liquidity,Higher liquidity and higher RS filters to reduce noise and failed breakouts.,Explores a cleaner breakout universe with tighter quality control. Focus=explore; dead_zone_density=1.0; duplicate_saturation=0.003623.,proposal_20260418_192317,"[""idea_superstock_superstock_high_liquidity_20260418T151614.241843+0000""]",/home/mrlearn/sp500-autoresearch/experiments/runs/superstock_a40bc616ab5ac0ee_proposal_20260418_192317
